Workbook

Sheet Pagina 1
I1: PADRÃO DE DESENVOLVIMENTO
I2: IT - INSTRUÇÃO DE TRABALHO | AF2: ÁREA: | AQ2: TI
AF3: IT-PR | AK3: 2 | AQ3: Revisão | AV3: 1
A4: PROCESSO | L4: GERAL
B7: Revisão | G7: Data | M7: Descrição das Alterações
A8: A | G8: 45117 | M8: Emissão
A11: Emissor | AC11: Revisão e aprovação
B12: Bruno Pires | AD12: Toni Manito
B14: Analista de processo | AD14: Gerente de TI

Sheet Pagina 2
I1: ='Pagina 1'!I1:BC1 -> PADRÃO DE DESENVOLVIMENTO
I2: ='Pagina 1'!I2:AE2 -> IT - INSTRUÇÃO DE TRABALHO | AF2: ='Pagina 1'!AF2 -> ÁREA: | AQ2: ='Pagina 1'!AQ2 -> TI
AF3: ='Pagina 1'!AF3:AJ3 -> IT-PR | AK3: ='Pagina 1'!AK3:AP3 -> 2 | AQ3: Revisão | AV3: ='Pagina 1'!AV3:AY3 -> 1
A4: ='Pagina 1'!A4 -> PROCESSO | I4: ='Pagina 1'!L4 -> GERAL

Sheet Pagina 3
I1: ='Pagina 1'!I1:BC1 -> PADRÃO DE DESENVOLVIMENTO
I2: ='Pagina 1'!I2:AE2 -> IT - INSTRUÇÃO DE TRABALHO | AF2: ='Pagina 1'!AF2 -> ÁREA: | AQ2: ='Pagina 1'!AQ2 -> TI
AF3: ='Pagina 1'!AF3:AJ3 -> IT-PR | AK3: ='Pagina 1'!AK3:AP3 -> 2 | AQ3: Revisão | AV3: ='Pagina 1'!AV3:AY3 -> 1
A4: ='Pagina 1'!A4 -> PROCESSO | I4: ='Pagina 1'!L4 -> GERAL

Sheet Pagina 4
I1: ='Pagina 1'!I1:BC1 -> PADRÃO DE DESENVOLVIMENTO
I2: ='Pagina 1'!I2:AE2 -> IT - INSTRUÇÃO DE TRABALHO | AF2: ='Pagina 1'!AF2 -> ÁREA: | AQ2: ='Pagina 1'!AQ2 -> TI
AF3: ='Pagina 1'!AF3:AJ3 -> IT-PR | AK3: ='Pagina 1'!AK3:AP3 -> 2 | AQ3: Revisão | AV3: ='Pagina 1'!AV3:AY3 -> 1
A4: ='Pagina 1'!A4 -> PROCESSO | I4: ='Pagina 1'!L4 -> GERAL

Sheet Pagina 5
I1: ='Pagina 1'!I1:BC1 -> PADRÃO DE DESENVOLVIMENTO
I2: ='Pagina 1'!I2:AE2 -> IT - INSTRUÇÃO DE TRABALHO | AF2: ='Pagina 1'!AF2 -> ÁREA: | AQ2: ='Pagina 1'!AQ2 -> TI
AF3: ='Pagina 1'!AF3:AJ3 -> IT-PR | AK3: ='Pagina 1'!AK3:AP3 -> 2 | AQ3: Revisão | AV3: ='Pagina 1'!AV3:AY3 -> 1
A4: ='Pagina 1'!A4 -> PROCESSO | I4: ='Pagina 1'!L4 -> GERAL
B38: Ao fazer o upload do flow, revisar
B40: Propriedades
C42: Complementar solicitações
C44: Gestores
C46: Versão
C48: SLA das atividades (atraso, acompanhamento, esforço)
C50: Atribuições de papéis (por/para)
C52: Filtros de processo
B59: Links de funcionalidades úteis que precisam ser desenvolvidas no futuro:
B61: https://tdn.totvs.com/display/public/fluig/Templates+de+e-mail+personalizado?ref=wsa.com.br
B63: https://forum.fluig.com/6691-montar-email-com-dataset-no-beforetaksave-para-envio
B65: https://www.wsa.com.br/enviando-e-mail-pelo-fluig/
B67: https://www.wsa.com.br/fluig-como-direcionar-a-atividade-para-o-mesmo-usuario-solicitante/
