Workbook

Sheet Pagina 1
I1: DEVOLUÇÃO DE CLIENTES
I2: IT - INSTRUÇÃO DE TRABALHO | AF2: ÁREA: | AQ2: VENDAS
AF3: IT-PR | AK3: 2 | AQ3: Revisão | AV3: 1
A4: ETAPA | I4: 9 | L4: ABERTURA DA DEVOLUÇÃO- PREENCHIMENTO DO FORMULÁRIO
B7: Revisão | G7: Data | M7: Descrição das Alterações
A8: A | G8: 45002 | M8: Emissão
A11: Emissor | AC11: Revisão e aprovação
B12: Bruno Pires | AD12: Toni Manito
B14: Analista de processo | AD14: Gerente de TI

Sheet Pagina 2
I1: ='Pagina 1'!I1:BC1 -> DEVOLUÇÃO DE CLIENTES
I2: ='Pagina 1'!I2:AE2 -> IT - INSTRUÇÃO DE TRABALHO | AF2: ='Pagina 1'!AF2 -> ÁREA: | AQ2: ='Pagina 1'!AQ2 -> VENDAS
AF3: ='Pagina 1'!AF3:AJ3 -> IT-PR | AK3: ='Pagina 1'!AK3:AP3 -> 2 | AQ3: Revisão | AV3: ='Pagina 1'!AV3:AY3 -> 1
A4: ='Pagina 1'!A4 -> ETAPA | I4: ='Pagina 1'!I4:AE6 -> 9

Sheet Pagina 3
I1: ='Pagina 1'!I1:BC1 -> DEVOLUÇÃO DE CLIENTES
I2: ='Pagina 1'!I2:AE2 -> IT - INSTRUÇÃO DE TRABALHO | AF2: ='Pagina 1'!AF2 -> ÁREA: | AQ2: ='Pagina 1'!AQ2 -> VENDAS
AF3: ='Pagina 1'!AF3:AJ3 -> IT-PR | AK3: ='Pagina 1'!AK3:AP3 -> 2 | AQ3: Revisão | AV3: ='Pagina 1'!AV3:AY3 -> 1
A4: ='Pagina 1'!A4 -> ETAPA | I4: ='Pagina 1'!I4:AE6 -> 9

Sheet Pagina 4
I1: ='Pagina 1'!I1:BC1 -> DEVOLUÇÃO DE CLIENTES
I2: ='Pagina 1'!I2:AE2 -> IT - INSTRUÇÃO DE TRABALHO | AF2: ='Pagina 1'!AF2 -> ÁREA: | AQ2: ='Pagina 1'!AQ2 -> VENDAS
AF3: ='Pagina 1'!AF3:AJ3 -> IT-PR | AK3: ='Pagina 1'!AK3:AP3 -> 2 | AQ3: Revisão | AV3: ='Pagina 1'!AV3:AY3 -> 1
A4: ='Pagina 1'!A4 -> ETAPA | I4: ='Pagina 1'!I4:AE6 -> 9

Sheet Pagina 5
I1: ='Pagina 1'!I1:BC1 -> DEVOLUÇÃO DE CLIENTES
I2: ='Pagina 1'!I2:AE2 -> IT - INSTRUÇÃO DE TRABALHO | AF2: ='Pagina 1'!AF2 -> ÁREA: | AQ2: ='Pagina 1'!AQ2 -> VENDAS
AF3: ='Pagina 1'!AF3:AJ3 -> IT-PR | AK3: ='Pagina 1'!AK3:AP3 -> 2 | AQ3: Revisão | AV3: ='Pagina 1'!AV3:AY3 -> 1
A4: ='Pagina 1'!A4 -> ETAPA | I4: ='Pagina 1'!I4:AE6 -> 9

Sheet Pagina 6
I1: ='Pagina 1'!I1:BC1 -> DEVOLUÇÃO DE CLIENTES
I2: ='Pagina 1'!I2:AE2 -> IT - INSTRUÇÃO DE TRABALHO | AF2: ='Pagina 1'!AF2 -> ÁREA: | AQ2: ='Pagina 1'!AQ2 -> VENDAS
AF3: ='Pagina 1'!AF3:AJ3 -> IT-PR | AK3: ='Pagina 1'!AK3:AP3 -> 2 | AQ3: Revisão | AV3: ='Pagina 1'!AV3:AY3 -> 1
A4: ='Pagina 1'!A4 -> ETAPA | I4: ='Pagina 1'!I4:AE6 -> 9

Sheet Pagina 7
I1: ='Pagina 1'!I1:BC1 -> DEVOLUÇÃO DE CLIENTES
I2: ='Pagina 1'!I2:AE2 -> IT - INSTRUÇÃO DE TRABALHO | AF2: ='Pagina 1'!AF2 -> ÁREA: | AQ2: ='Pagina 1'!AQ2 -> VENDAS
AF3: ='Pagina 1'!AF3:AJ3 -> IT-PR | AK3: ='Pagina 1'!AK3:AP3 -> 2 | AQ3: Revisão | AV3: ='Pagina 1'!AV3:AY3 -> 1
A4: ='Pagina 1'!A4 -> ETAPA | I4: ='Pagina 1'!I4:AE6 -> 9

Sheet Pagina 8
I1: ='Pagina 1'!I1:BC1 -> DEVOLUÇÃO DE CLIENTES
I2: ='Pagina 1'!I2:AE2 -> IT - INSTRUÇÃO DE TRABALHO | AF2: ='Pagina 1'!AF2 -> ÁREA: | AQ2: ='Pagina 1'!AQ2 -> VENDAS
AF3: ='Pagina 1'!AF3:AJ3 -> IT-PR | AK3: ='Pagina 1'!AK3:AP3 -> 2 | AQ3: Revisão | AV3: ='Pagina 1'!AV3:AY3 -> 1
A4: ='Pagina 1'!A4 -> ETAPA | I4: ='Pagina 1'!I4:AE6 -> 9
P9: 6
P10: 5
